{
  "sensor_baselines": {
    "0": 3.01498308,
    "1": 2.8332293200000005,
    "2": 3.1570886800000006,
    "3": 2.6939119199999997
  },
  "sensor_thresholds": {
    "2": 1.0773230800000002,
    "3": 1.0948423199999997,
    "0": 1.27561328,
    "1": 1.0975588200000006
  },
  "sensor_mappings": {
    "2": "Throat",
    "3": "Heart",
    "0": "Lungs",
    "1": "Bowel"
  }
}
