{
  "sensor_baselines": {
    "0": 2.0391999999999997,
    "1": 1.5896000000000003,
    "2": 2.3196,
    "3": 1.6523999999999999
  },
  "sensor_thresholds": {
    "2": 1.1785999999999999,
    "3": 1.2803999999999998,
    "0": 2.0391999999999997,
    "1": 1.5896000000000003
  },
  "sensor_mappings": {
    "2": "Throat",
    "3": "Heart",
    "0": "Lungs",
    "1": "Bowel"
  }
}